{
  "time": {
    "total": 288.47140407562256,
    "relax": 212.94202756881714,
    "ssc": 27.276934146881104,
    "band": 35.348950147628784,
    "dos": 12.903492212295532
  },
  "lattice_para": {
    "relax": [
      2.467247702,
      2.467247702,
      8.526512867
    ],
    "ssc": [
      2.467247702,
      2.467247702,
      8.526512867
    ],
    "band": [
      2.467247702,
      2.467247702,
      8.526512867
    ],
    "dos": [
      2.467247702,
      2.467247702,
      8.526512867
    ]
  },
  "fermi": {
    "relax": -0.8122,
    "ssc": -0.7664,
    "band": -0.7336,
    "dos": -1.0398
  },
  "energy": {
    "relax": -18.46192403,
    "ssc": -18.44903204,
    "band": -17.37224402,
    "dos": -18.44902881
  },
  "force_per_atom": {
    "relax": [
      -0.0,
      0.0,
      -0.0
    ],
    "ssc": [
      -0.0,
      -0.0,
      -0.0
    ],
    "band": [
      -0.0,
      -0.0,
      0.0
    ],
    "dos": [
      -0.0,
      -0.0,
      0.0
    ]
  },
  "total_mag": {
    "relax": 0.0,
    "ssc": 0.0,
    "band": 0.0,
    "dos": 0.0
  }
}