{
  "time": {
    "total": 215.76563954353333,
    "relax": 159.06295824050903,
    "ssc": 19.274383068084717,
    "band": 28.48779797554016,
    "dos": 8.940500259399414
  },
  "lattice_para": {
    "relax": [
      2.467247702,
      2.467247702,
      8.526512867
    ],
    "ssc": [
      2.467247702,
      2.467247702,
      8.526512867
    ],
    "band": [
      2.467247702,
      2.467247702,
      8.526512867
    ],
    "dos": [
      2.467247702,
      2.467247702,
      8.526512867
    ]
  },
  "fermi": {
    "relax": -0.8122,
    "ssc": -0.7664,
    "band": -0.7336,
    "dos": -1.0398
  },
  "energy": {
    "relax": -18.46192403,
    "ssc": -18.44903204,
    "band": -17.37224402,
    "dos": -18.44902881
  },
  "force_per_atom": {
    "relax": [
      -0.0,
      0.0,
      -0.0
    ],
    "ssc": [
      -0.0,
      -0.0,
      -0.0
    ],
    "band": [
      -0.0,
      -0.0,
      0.0
    ],
    "dos": [
      -0.0,
      -0.0,
      0.0
    ]
  },
  "total_mag": {
    "relax": 0.0,
    "ssc": 0.0,
    "band": 0.0,
    "dos": 0.0
  }
}