{
  "time": {
    "total": 341.0287916660309,
    "relax": 195.72377634048462,
    "ssc": 34.53692650794983,
    "band": 42.441840410232544,
    "dos": 68.32624840736389
  },
  "lattice_para": {
    "relax": [
      2.467247702,
      2.467247702,
      8.526512867
    ],
    "ssc": [
      2.467247702,
      2.467247702,
      8.526512867
    ],
    "band": [
      2.467247702,
      2.467247702,
      8.526512867
    ],
    "dos": [
      2.467247702,
      2.467247702,
      8.526512867
    ]
  },
  "fermi": {
    "relax": -0.8122,
    "ssc": -0.7664,
    "band": -0.7336,
    "dos": -1.0398
  },
  "energy": {
    "relax": -18.46192403,
    "ssc": -18.44903204,
    "band": -17.37247745,
    "dos": -18.44902881
  },
  "force_per_atom": {
    "relax": [
      -0.0,
      0.0,
      -0.0
    ],
    "ssc": [
      -0.0,
      -0.0,
      -0.0
    ],
    "band": [
      -0.0,
      -0.0,
      0.0
    ],
    "dos": [
      -0.0,
      -0.0,
      0.0
    ]
  },
  "total_mag": {
    "relax": 0.0,
    "ssc": 0.0,
    "band": 0.0,
    "dos": 0.0
  },
  "job_done": {
    "relax": "done",
    "ssc": "done",
    "band": "done",
    "dos": "done"
  }
}