{
  "time": {
    "total": 1649.449815273285,
    "relax": 970.167201757431,
    "ssc": 354.73843002319336,
    "band": 147.53982615470886,
    "dos": 177.00435733795166
  },
  "lattice_para": {
    "relax": [
      5.689291888,
      5.689291888,
      5.689291888
    ],
    "ssc": [
      5.689291888,
      5.689291888,
      5.689291888
    ],
    "band": [
      5.689291888,
      5.689291888,
      5.689291888
    ],
    "dos": [
      5.689291888,
      5.689291888,
      5.689291888
    ]
  },
  "fermi": {
    "relax": 4.9827,
    "ssc": 4.9858,
    "band": 4.9869,
    "dos": 4.7465
  },
  "energy": {
    "relax": -63.77710059,
    "ssc": -63.8159187,
    "band": -64.02656471,
    "dos": -63.81591883
  },
  "force_per_atom": {
    "relax": [
      0.0,
      0.0,
      9.02e-05
    ],
    "ssc": [
      0.0,
      -0.0,
      0.000124
    ],
    "band": [
      0.0,
      0.0,
      -0.0037975
    ],
    "dos": [
      -0.0,
      -0.0,
      1.2e-06
    ]
  },
  "total_mag": {
    "relax": 0.0,
    "ssc": 0.0,
    "band": 0.0,
    "dos": 0.0
  },
  "job_done": {
    "relax": "done",
    "ssc": "done",
    "band": "done",
    "dos": "done"
  }
}