{
  "time": {
    "total": 1736.461459159851,
    "relax": 969.1908338069916,
    "ssc": 391.4908330440521,
    "band": 168.23265051841736,
    "dos": 207.54714179039001
  },
  "lattice_para": {
    "relax": [
      5.689291888,
      5.689291888,
      5.689291888
    ],
    "ssc": [
      5.689291888,
      5.689291888,
      5.689291888
    ],
    "band": [
      5.689291888,
      5.689291888,
      5.689291888
    ],
    "dos": [
      5.689291888,
      5.689291888,
      5.689291888
    ]
  },
  "fermi": {
    "relax": 4.9827,
    "ssc": 4.9858,
    "band": 4.9869,
    "dos": 4.7465
  },
  "energy": {
    "relax": -63.77710059,
    "ssc": -63.8159187,
    "band": -64.02656471,
    "dos": -63.81591883
  },
  "force_per_atom": {
    "relax": [
      0.0,
      0.0,
      9.02e-05
    ],
    "ssc": [
      0.0,
      -0.0,
      0.000124
    ],
    "band": [
      0.0,
      0.0,
      -0.0037975
    ],
    "dos": [
      -0.0,
      -0.0,
      1.2e-06
    ]
  },
  "total_mag": {
    "relax": 0.0,
    "ssc": 0.0,
    "band": 0.0,
    "dos": 0.0
  }
}