{
  "time": {
    "total": 1341.8479657173157,
    "relax": 664.468070268631,
    "ssc": 349.298796415329,
    "band": 142.48223638534546,
    "dos": 185.59886264801025
  },
  "lattice_para": {
    "relax": [
      5.689374685,
      5.689374685,
      5.689374685
    ],
    "ssc": [
      5.689374685,
      5.689374685,
      5.689374685
    ],
    "band": [
      5.689374685,
      5.689374685,
      5.689374685
    ],
    "dos": [
      5.689374685,
      5.689374685,
      5.689374685
    ]
  },
  "fermi": {
    "relax": 5.0062,
    "ssc": 5.0083,
    "band": 4.9267,
    "dos": 4.7458
  },
  "energy": {
    "relax": -63.77710069,
    "ssc": -63.81591797,
    "band": -64.02659959,
    "dos": -63.81591803
  },
  "force_per_atom": {
    "relax": [
      -0.0,
      0.0,
      6.87e-05
    ],
    "ssc": [
      -0.0,
      0.0,
      5.1599999999999994e-05
    ],
    "band": [
      0.0,
      -0.0,
      -0.0037844000000000003
    ],
    "dos": [
      0.0,
      0.0,
      1.24e-05
    ]
  },
  "total_mag": {
    "relax": 0.0,
    "ssc": 0.0,
    "band": -0.0,
    "dos": -0.0
  }
}